신고번호,신고일자,수출입구분,화주명,모선명,항차,컨테이너번호,컨테이너규격,풀엠티구분,수량,TEU,신고금액(USD)
41291-26-0001234,2026-09-01,수출,현대자동차㈜,HEUNG-A HOCHIMINH,026E,HDMU1234567,40,FULL,1,2,85000
41291-26-0001235,2026-09-01,수출,LG화학㈜,HEUNG-A HOCHIMINH,026E,HESU2345678,20,FULL,2,2,42000
41291-26-0001236,2026-09-01,수출,삼성SDI㈜,HEUNG-A HOCHIMINH,026E,MSDU3456789,40,FULL,1,2,120000
41291-26-0001237,2026-09-01,수출,울산석유화학㈜,HEUNG-A HOCHIMINH,026E,HDMU4567890,20,FULL,3,3,35000
41291-26-0001238,2026-09-01,수출,SK이노베이션㈜,HEUNG-A HOCHIMINH,026E,HESU5678901,40,FULL,2,4,95000
41291-26-0001239,2026-09-01,수출,한국타이어㈜,HEUNG-A HOCHIMINH,026E,HESU6789012,40,FULL,1,2,67000
41291-26-0001240,2026-09-01,수입,현대중공업㈜,HEUNG-A HOCHIMINH,026E,MSDU7890123,20,FULL,2,2,28000
41291-26-0001241,2026-09-01,수입,현대중공업㈜,HEUNG-A HOCHIMINH,026E,HDMU8901234,40,EMPTY,1,2,0
41291-26-0001242,2026-09-02,수출,현대자동차㈜,HEUNG-A JAKARTA,027E,HESU9012345,40,FULL,1,2,92000
41291-26-0001243,2026-09-02,수출,LG화학㈜,HEUNG-A JAKARTA,027E,MSDU0123456,20,FULL,2,2,38000
41291-26-0001244,2026-09-02,수출,포스코㈜,HEUNG-A JAKARTA,027E,HDMU1234560,20,FULL,3,3,55000
41291-26-0001245,2026-09-02,수출,현대케미칼㈜,HEUNG-A JAKARTA,027E,HESU2345670,40,FULL,2,4,78000
41291-26-0001246,2026-09-02,수출,SK이노베이션㈜,HEUNG-A JAKARTA,027E,MSDU3456780,40,FULL,1,2,88000
41291-26-0001247,2026-09-02,수입,울산석유화학㈜,HEUNG-A JAKARTA,027E,HDMU4567800,20,FULL,2,2,32000
41291-26-0001248,2026-09-02,수입,포스코㈜,HEUNG-A JAKARTA,027E,HESU5678900,40,EMPTY,1,2,0
41291-26-0001249,2026-09-03,수출,현대자동차㈜,HEUNG-A SINGAPORE,028E,MSDU6789000,40,FULL,3,6,276000
41291-26-0001250,2026-09-03,수출,삼성SDI㈜,HEUNG-A SINGAPORE,028E,HDMU7890000,20,FULL,4,4,96000
41291-26-0001251,2026-09-03,수출,LG화학㈜,HEUNG-A SINGAPORE,028E,HESU8900000,40,FULL,2,4,142000
41291-26-0001252,2026-09-03,수출,한국타이어㈜,HEUNG-A SINGAPORE,028E,MSDU9000001,20,FULL,3,3,81000
41291-26-0001253,2026-09-03,수출,SK이노베이션㈜,HEUNG-A SINGAPORE,028E,HDMU0000012,40,FULL,1,2,67000
41291-26-0001254,2026-09-03,수입,현대자동차㈜,HEUNG-A SINGAPORE,028E,HESU0000123,20,EMPTY,2,2,0
41291-26-0001255,2026-09-03,수입,현대중공업㈜,HEUNG-A SINGAPORE,028E,MSDU0001234,40,EMPTY,1,2,0
41291-26-0001256,2026-09-04,수출,현대자동차㈜,HEUNG-A TOKYO,029E,HDMU0012345,40,FULL,2,4,184000
41291-26-0001257,2026-09-04,수출,포스코㈜,HEUNG-A TOKYO,029E,HESU0123456,20,FULL,5,5,125000
41291-26-0001258,2026-09-04,수출,현대케미칼㈜,HEUNG-A TOKYO,029E,MSDU1234501,40,FULL,2,4,96000
41291-26-0001259,2026-09-04,수출,울산석유화학㈜,HEUNG-A TOKYO,029E,HDMU2345602,20,FULL,3,3,57000
41291-26-0001260,2026-09-04,수입,LG화학㈜,HEUNG-A TOKYO,029E,HESU3456703,40,FULL,1,2,45000
41291-26-0001261,2026-09-04,수입,삼성SDI㈜,HEUNG-A TOKYO,029E,MSDU4567804,20,EMPTY,2,2,0
41291-26-0001262,2026-09-05,수출,현대자동차㈜,HEUNG-A SHANGHAI,030E,HDMU5678905,40,FULL,4,8,368000
41291-26-0001263,2026-09-05,수출,LG화학㈜,HEUNG-A SHANGHAI,030E,HESU6789006,20,FULL,6,6,156000
41291-26-0001264,2026-09-05,수출,포스코㈜,HEUNG-A SHANGHAI,030E,MSDU7890107,40,FULL,3,6,189000
41291-26-0001265,2026-09-05,수출,SK이노베이션㈜,HEUNG-A SHANGHAI,030E,HDMU8901208,20,FULL,4,4,92000
41291-26-0001266,2026-09-05,수출,한국타이어㈜,HEUNG-A SHANGHAI,030E,HESU9012309,40,FULL,2,4,134000
41291-26-0001267,2026-09-05,수입,현대중공업㈜,HEUNG-A SHANGHAI,030E,MSDU0123410,20,FULL,3,3,87000
41291-26-0001268,2026-09-05,수입,현대자동차㈜,HEUNG-A SHANGHAI,030E,HDMU1234511,40,EMPTY,2,4,0
41291-26-0001269,2026-09-08,수출,현대자동차㈜,HEUNG-A HOCHIMINH,027E,HESU2345612,40,FULL,2,4,184000
41291-26-0001270,2026-09-08,수출,LG화학㈜,HEUNG-A HOCHIMINH,027E,MSDU3456713,20,FULL,3,3,78000
41291-26-0001271,2026-09-08,수출,삼성SDI㈜,HEUNG-A HOCHIMINH,027E,HDMU4567814,40,FULL,1,2,115000
41291-26-0001272,2026-09-08,수출,현대케미칼㈜,HEUNG-A HOCHIMINH,027E,HESU5678915,20,FULL,4,4,96000
41291-26-0001273,2026-09-08,수입,울산석유화학㈜,HEUNG-A HOCHIMINH,027E,MSDU6789016,40,FULL,1,2,52000
41291-26-0001274,2026-09-09,수출,현대자동차㈜,HEUNG-A JAKARTA,028E,HDMU7890117,40,FULL,3,6,276000
41291-26-0001275,2026-09-09,수출,포스코㈜,HEUNG-A JAKARTA,028E,HESU8901218,20,FULL,4,4,100000
41291-26-0001276,2026-09-09,수출,SK이노베이션㈜,HEUNG-A JAKARTA,028E,MSDU9012319,40,FULL,2,4,176000
41291-26-0001277,2026-09-09,수출,한국타이어㈜,HEUNG-A JAKARTA,028E,HDMU0123420,20,FULL,5,5,135000
41291-26-0001278,2026-09-09,수입,현대자동차㈜,HEUNG-A JAKARTA,028E,HESU1234521,40,EMPTY,2,4,0
41291-26-0001279,2026-09-10,수출,현대자동차㈜,HEUNG-A SINGAPORE,029E,MSDU2345622,40,FULL,4,8,368000
41291-26-0001280,2026-09-10,수출,LG화학㈜,HEUNG-A SINGAPORE,029E,HDMU3456723,20,FULL,5,5,130000
41291-26-0001281,2026-09-10,수출,삼성SDI㈜,HEUNG-A SINGAPORE,029E,HESU4567824,40,FULL,2,4,240000
41291-26-0001282,2026-09-10,수출,현대케미칼㈜,HEUNG-A SINGAPORE,029E,MSDU5678925,20,FULL,3,3,72000
41291-26-0001283,2026-09-10,수입,포스코㈜,HEUNG-A SINGAPORE,029E,HDMU6789026,20,FULL,2,2,64000
41291-26-0001284,2026-09-10,수입,울산석유화학㈜,HEUNG-A SINGAPORE,029E,HESU7890127,40,EMPTY,1,2,0
